{
    "num_mels": 80,
    "num_freq": 1025,
    "sample_rate": 22050,
    "frame_length_ms": 50,
    "frame_shift_ms": 12.5,
    "average_mel_level_db": [
        -73.90132629433351,
        -65.30292951489585,
        -55.56430273332265,
        -48.59475767363448,
        -45.269892823472695,
        -45.367931074595305,
        -45.78657176903484,
        -46.09573371560921,
        -45.964897213201944,
        -45.514944467175994,
        -44.24875788313771,
        -44.51168559237038,
        -45.381630965271654,
        -46.93463557144899,
        -48.615995050630914,
        -49.723023999694426,
        -50.723754946041346,
        -51.8950655044832,
        -53.45798736846004,
        -55.64685395020652,
        -57.07092031527342,
        -57.69619832663637,
        -58.410074211599415,
        -58.77179484656782,
        -59.13533040453221,
        -60.15217805227974,
        -61.074751562159086,
        -61.92865431214939,
        -62.953770971302106,
        -63.78421861951262,
        -64.2926980022536,
        -64.62841708736111,
        -63.9279957080775,
        -62.897341681824784,
        -62.1704881714593,
        -61.8936846351374,
        -61.460978287478945,
        -61.09301190985342,
        -61.36187978797347,
        -62.540436148682474,
        -63.798335201693156,
        -64.97947504972808,
        -65.77712907655955,
        -65.88894592675373,
        -65.67472019454863,
        -65.29137327051323,
        -64.77338406166571,
        -63.96061339304368,
        -63.28742974841672,
        -63.43967956423329,
        -64.19916927918736,
        -64.88643709665564,
        -65.27468709072357,
        -65.11126068278375,
        -64.86001422538496,
        -64.9677937978942,
        -65.46024444744103,
        -66.26007452990542,
        -66.92716058885455,
        -67.54598914171389,
        -68.07554385475522,
        -68.67051913395301,
        -70.33445627835455,
        -72.9576681943426,
        -75.40730494931121,
        -77.03043410573663,
        -77.48925775089603,
        -77.05987104555422,
        -75.53189107915576,
        -73.39441181968601,
        -71.62117186383216,
        -70.86188586472457,
        -70.60639378388873,
        -71.19528999703107,
        -73.56933891314124,
        -75.73423184368049,
        -77.36603744320408,
        -78.68346782244544,
        -79.47466313096209,
        -85.92810335338275
    ],
    "stddev_mel_level_db": [
        7.861726704356147,
        6.665128553762183,
        10.147836057845794,
        14.641137717593796,
        15.757941588018236,
        14.840389519233891,
        14.452676169397705,
        15.584432522091296,
        16.22806682090659,
        15.88798948112609,
        15.256656329453435,
        15.388504106533755,
        15.5245597413625,
        15.275315737444338,
        15.200759399240157,
        15.403430006851538,
        15.422487222409375,
        15.222208290362836,
        15.067715577723497,
        15.394197277289608,
        15.452174265118014,
        15.386826087593612,
        15.544882312234181,
        15.496151212479878,
        15.243787786196803,
        15.110462991736332,
        15.039100462879043,
        14.778667855969378,
        14.995013443238896,
        15.178124697690796,
        15.155872428444729,
        15.035175950511599,
        14.83185518264393,
        14.792017365730223,
        14.966978267270296,
        15.075820326779267,
        15.1486665515966,
        15.149615953791319,
        15.025626548361267,
        14.703902938485287,
        14.460406398298348,
        14.365419688140571,
        14.387189697830419,
        14.568876242876003,
        15.016140494124917,
        15.316679157728455,
        15.500917944457072,
        15.54050715743608,
        15.804300139696176,
        15.94123071538215,
        15.548583473644197,
        15.016016557732032,
        14.71589818504361,
        14.798853987272986,
        14.955676863790334,
        15.067411496128365,
        15.362130883250419,
        15.706364528954438,
        15.847648166145825,
        15.848558085108671,
        16.011282775147173,
        16.364051438454727,
        16.71327931577389,
        17.128704723463162,
        17.820726756503824,
        18.461587781739006,
        18.918533768639403,
        18.68286399464686,
        18.53094394513412,
        18.598676229925527,
        18.73747431568585,
        18.547693811629514,
        18.20485462901992,
        17.796437097984168,
        17.401719848437207,
        16.973604722677162,
        16.747160131139488,
        16.871737235872903,
        17.166534284720402,
        17.052602165414715
    ],
    "initial_learning_rate": 0.0005,
    "outputs_per_step": 2,
    "max_iters": 500,
    "attention": "forward",
    "cumulative_weights": false,
    "attention_kernel": 10,
    "attention_filters": 5,
    "use_zoneout_at_encoder": true,
    "decoder_version": "v2",
    "dataset": "ljspeech.dataset.DatasetSource",
    "target_file_extension": "target.tfrecord",
    "save_checkpoints_steps": 379,
    "tacotron_model": "ExtendedTacotronV1Model",
    "encoder": "ZoneoutEncoderV1",
    "decoder": "ExtendedDecoder"
}