{
    "num_mels": 80,
    "num_freq": 2049,
    "sample_rate": 48000,
    "frame_length_ms": 50.0,
    "frame_shift_ms": 12.5,
    "trim_top_db": 10,
    "average_mel_level_db": [
        -35.79939587758026,
        -37.86765590653092,
        -34.34483761641977,
        -30.773449527277304,
        -34.769151603552736,
        -38.72937200421183,
        -37.35471207987225,
        -36.33972641335004,
        -36.846393575680146,
        -37.62385471582996,
        -39.53196067171526,
        -41.852135119156515,
        -44.20600946260627,
        -46.33186819135348,
        -48.3635717376623,
        -49.509717775110325,
        -50.2595782882459,
        -50.562809524694636,
        -50.53558455838834,
        -50.25822695319926,
        -50.32620067129786,
        -50.47949111017848,
        -50.70446491664865,
        -50.902208539302684,
        -51.318169293193726,
        -51.67107122324844,
        -51.61229075747482,
        -51.581601364639695,
        -51.69201430771634,
        -51.977260787772245,
        -52.28075289971261,
        -52.71221487531619,
        -53.158791976904695,
        -53.910452530932496,
        -54.25280465610577,
        -54.58691833325344,
        -54.53571369175669,
        -54.89900890139787,
        -54.99368061730968,
        -55.28634639634748,
        -55.45436586548542,
        -55.731707818145,
        -56.07498344255864,
        -56.588532500357886,
        -57.43738482754662,
        -58.67563556606884,
        -60.02082960362904,
        -61.63414103646485,
        -63.31137739976919,
        -65.06511810974837,
        -67.01176581076679,
        -68.65801016566571,
        -69.75585771459373,
        -70.3282498482846,
        -70.46739040049931,
        -70.47266530294003,
        -70.43615838664161,
        -70.51196880450871,
        -70.99767722984141,
        -70.44693254444584,
        -70.26071961852176,
        -70.88466074935833,
        -71.20221926780728,
        -71.28065409312016,
        -71.4382594126323,
        -71.68207364710786,
        -71.77566533848432,
        -71.88822267810214,
        -72.18283980581732,
        -72.48037873903874,
        -72.87873561475473,
        -73.3472784327383,
        -73.94724510589425,
        -74.9337144724266,
        -76.19104564440649,
        -76.3051891070134,
        -76.8094823023697,
        -78.15076320755547,
        -78.84907994105518,
        -78.6383186313689
    ],
    "stddev_mel_level_db": [
        5.979893189563634,
        13.41113348508517,
        15.491109428109473,
        16.99693334828544,
        16.69152370788941,
        15.548673209489484,
        16.23983284360531,
        16.702051596589452,
        16.87758696694708,
        16.819118558357506,
        16.739270102415563,
        16.55600301846542,
        16.34967423548024,
        16.021926599388358,
        15.757845319333736,
        15.276429283263562,
        15.247374309746556,
        15.084822110529155,
        15.138138977053266,
        15.11972884061443,
        15.135768272687782,
        15.124478262295133,
        15.05358351731112,
        14.983483331779556,
        15.00025916859589,
        15.053063514648873,
        14.967918757187583,
        14.961248678865294,
        14.927631180383836,
        14.830536225287323,
        14.72974531970656,
        14.578584955472142,
        14.431246510486757,
        14.27147374115939,
        14.10331323387959,
        14.10938920290094,
        14.211029197970865,
        14.283690218022475,
        14.248858203194757,
        14.300225449402358,
        14.31798885040317,
        14.300452006246633,
        14.25554852749025,
        14.213376453605406,
        14.216374012203572,
        14.247421447340663,
        14.337244572571556,
        14.422843559095147,
        14.553848401682227,
        14.679094951023886,
        14.835936274800352,
        15.037002721933533,
        15.192179008879293,
        15.251649238463663,
        15.217063558134187,
        15.029123551856149,
        14.751138730070247,
        14.438958535079953,
        14.03466192208094,
        13.953156663440275,
        13.75871618980274,
        13.470385231347478,
        13.261797148772496,
        13.12075030099961,
        12.943373783308425,
        12.760404306640117,
        12.648507661409589,
        12.619950829549827,
        12.400161464734285,
        12.031441761002524,
        11.680925143906904,
        11.39490040544529,
        11.050722005792897,
        10.51058713643543,
        9.752970328851566,
        9.349422703144631,
        8.786212176225744,
        7.780095140832709,
        6.972910272109838,
        6.692030031316433
    ],
    "initial_learning_rate": 0.0005,
    "outputs_per_step": 2,
    "max_iters": 500,
    "attention": "forward",
    "cumulative_weights": false,
    "attention_kernel": 10,
    "attention_filters": 5,
    "use_zoneout_at_encoder": true,
    "decoder_version": "v2",
    "dataset": "vctk.dataset.DatasetSource",
    "target_file_extension": "target.tfrecord",
    "save_checkpoints_steps": 1343,
    "tacotron_model": "ExtendedTacotronV1Model",
    "encoder": "ZoneoutEncoderV1",
    "decoder": "ExtendedDecoder",
    "use_speaker_embedding": true,
    "num_speakers": 152,
    "speaker_embedding_offset": 225
}